cve_id,hash,repo_url,fix_date,introduced_date
GHSA-qc36-q22q-cjw3,8bfc20506cc5e098fe6eb3d1cafe3bea791215ce,https://github.com/lettre/lettre,2021-05-22 19:58:27+02:00,2017-08-20 00:42:45+02:00
GHSA-r626-fc64-3q28,34c2b9e,https://github.com/SonicFrog/abox,2021-01-22 21:40:32-05:00,2018-05-14 17:08:08+02:00
GHSA-88xq-w8cq-xfg7,886ecc562040bef61faf19438c22285c2d62403a,https://github.com/bytecodealliance/wasmtime,2022-02-16 10:00:19-08:00,
GHSA-2wc6-2rcj-8v76,24c7a5550807ac8a09648b5878f19d14c3a69135,https://github.com/sodiumoxide/sodiumoxide,2017-01-26 20:24:31+01:00,2013-12-08 01:21:17+01:00
GHSA-q3cc-7p7g-392c,ac30e169ae51b262bc8cf7026469851ce39b23c6,https://github.com/rusqlite/rusqlite,2020-04-14 10:26:41-07:00,2015-12-12 14:06:03-05:00
GHSA-m296-j53x-xv95,7ab8a264980d23c2ed64e72f4636f38b7381eb39,https://github.com/KizzyCode/tiny_future,2020-12-08 17:33:00+01:00,2018-03-22 13:04:59+01:00
GHSA-m296-j53x-xv95,c7919199a0f6d1ce0e3c33499d1b37f862c990e4,https://github.com/KizzyCode/tiny_future,2020-12-08 17:29:30+01:00,2018-02-25 20:34:29+01:00
GHSA-8h4j-vm3r-vcq3,2ef3628dac35aeba0a97d5fb3a57746b4e1d62b3,https://github.com/rusqlite/rusqlite,2020-04-14 08:06:37-07:00,2015-08-09 13:06:23+02:00
GHSA-p24j-h477-76q3,bf2b2df9c9e218e35e5a38ce3d03cffb7c363956,https://github.com/sharkdp/bat,2021-07-12 23:17:30+02:00,2021-02-16 09:11:27+01:00
GHSA-f6g6-54hm-fhxv,a34d6e1,https://github.com/mvertescher/libsbc-rs,2021-01-22 21:06:34-05:00,2018-09-17 14:26:03-04:00
GHSA-686f-ch3r-xwmh,92f40b4a2c671553dfa96feacff0265206c44ce5,https://github.com/udoprog/unicycle,2020-11-15 07:19:02+01:00,2020-01-24 20:26:36+01:00
GHSA-hf79-8hjp-rrvq,7c7757c772fb709c61b1442bcc1e1fbee97bf4a8,https://github.com/bytecodealliance/lucet,2021-11-29 15:00:02-08:00,2019-01-22 15:48:00-08:00
GHSA-fqq2-xp7m-xvm8,b0d2bd20eb40b9cbc2958b981ba2dcd9e6f9396e,https://github.com/RusPiRo/ruspiro-singleton,2020-11-16 21:32:29+01:00,2019-07-26 13:48:23+02:00
GHSA-rmff-f8w9-c9rm,0a1da873ddb29bca926bad8301f8d7ab8aa97c52,https://github.com/edarc/max7301,2021-03-30 15:55:39-05:00,2019-02-18 23:34:50-08:00
GHSA-hpcx-3pw8-g3j2,2820cf12f2e08645fd6d1f15b4a90a54d6082a81,https://github.com/Yoric/telemetry.rs,2021-03-29 10:37:25+02:00,2015-10-11 21:14:01+02:00
GHSA-g4w7-3qr8-5623,71b2f5187b0cbace3f8b6ff53432ff2ca0defcf0,https://github.com/rusqlite/rusqlite,2020-04-14 08:06:37-07:00,2019-01-26 00:52:50-08:00
GHSA-v4cp-h94r-m7xf,d2ce1ac753afc059e32798bac3383b81a6d04456,https://github.com/bytecodealliance/wasmtime,2021-09-14 14:23:42-07:00,2019-08-21 00:35:26-07:00
GHSA-7cqg-8449-rmfv,11ba23a9766a5079918cd9f515bc100bc8164b50,https://github.com/paritytech/libsecp256k1,2019-10-02 18:31:32-07:00,2017-11-11 11:41:52+08:00
GHSA-773q-5334-5gf9,19ade85,https://github.com/rust-blockchain/evm,2021-05-11 17:33:30+02:00,
GHSA-8mjx-h23h-w2pg,2a4d53809e3000f40085f2b229b6b1a33759881d,https://github.com/thepowersgang/stack_dst-rs,2021-02-23 21:30:38+08:00,2017-05-31 19:02:10+08:00
GHSA-m9m5-cg5h-r582,5ba218ac29df4786b002d7d12b47fa0c04a331f2,https://github.com/Absolucy/nanorand-rs,2020-12-07 07:33:01-05:00,2020-10-22 04:47:03-04:00
RUSTSEC-2019-0038,7fd282aef7787577c385aed88cb25d004b85f494,https://github.com/jnqnfe/pulse-binding-rust,2019-03-11 19:11:54+00:00,2018-06-16 18:32:17+01:00
GHSA-5xg3-j2j6-rcx4,f01846bd443aaf92fdd5ac20f461beac3f6ee3fd,https://github.com/dandavison/delta,2021-07-10 15:52:06+01:00,2019-06-30 18:28:20-04:00
RUSTSEC-2018-0004,8f28ec275e412dd3af4f3cda460605512faf332c,https://github.com/ruuda/claxon,2018-08-23 20:36:24+02:00,2016-01-28 21:11:26+01:00
GHSA-28ph-f7gx-fqj8,3c6b57fe1b2cc87e7ebecde43dd836ffb1c4ea5c,https://github.com/rusqlite/rusqlite,2020-04-15 10:33:04-07:00,2016-02-08 18:06:11+01:00
RUSTSEC-2020-0161,01940637dd8f3bfeeee3faf9639fa9ae52f19f4d,https://gitlab.com/KonradBorowski/array-macro,2020-05-07 18:33:20+02:00,2019-07-05 08:34:26+02:00
GHSA-w3g5-2848-2v8r,f7d120a3b724d06a7b623d0a4306acf8f78cb4f0,https://github.com/Xudong-Huang/generator-rs,2021-03-30 12:18:42+08:00,2016-08-07 15:29:30+08:00
GHSA-8928-2fgm-6x9x,e965d8298f421e9c89fe98b1300b8361e948c324,https://github.com/actix/actix-web,2021-08-12 20:18:09+01:00,2018-04-28 22:20:32-07:00
GHSA-hw4v-5x4h-c3xm,0b962f218f0cdd796dadfe26c3f09e68f7861b26,https://github.com/paritytech/frontier,2021-09-03 17:48:21+02:00,
GHSA-gwc9-348x-qwv2,666c2554ea0e1728c35aa41178cf235920db888a,https://github.com/bytecodealliance/wasmtime,2022-03-31 14:26:01-07:00,2020-07-14 10:17:27-07:00
GHSA-45w7-7g63-2m5w,2a4d538,https://github.com/thepowersgang/stack_dst-rs,2021-02-23 21:30:38+08:00,2017-05-31 19:02:10+08:00
GHSA-8r7q-r9mx-35rh,2327d3b774927fdf48903c0bdc1ca7ec93c7c8d0,https://github.com/rusqlite/rusqlite,2020-04-14 12:23:15-07:00,2015-08-01 17:21:41+02:00
GHSA-6hfq-h8hq-87mf,8f93123efef5c1361086688fe4f34c83c89cec02,https://github.com/hyperium/hyper,2021-02-05 14:10:02-08:00,
GHSA-67hm-27mx-9cg7,d44011a69e0674acfa9c59bd7ad7f0523eb61d42,https://github.com/denoland/deno,2021-10-29 17:05:55-04:00,2021-04-12 11:15:43+09:00
GHSA-mc22-5q92-8v85,1a2efcdbe68e5e7fd0a05836ac32d2cde78a0b2e,https://github.com/tremor-rs/tremor-runtime,2021-09-15 13:40:23+02:00,2020-02-11 11:11:08+01:00
GHSA-m5pq-gvj9-9vr8,ae70b41d4f46641dbc45c7a4f87954aea356283e,https://github.com/rust-lang/regex,2022-03-03 10:05:00-05:00,2020-05-28 11:18:29-04:00
GHSA-3cgf-9m6x-pwwr,45fd77ee43c38eea4d6f4e2e56c1667a55ec654f,https://github.com/rusqlite/rusqlite,2020-04-15 13:52:19-07:00,2018-03-24 08:03:21+01:00
GHSA-9qmm-4mfr-r3wj,e61e045f8c244de978401d186dcfd50838817297,https://github.com/solana-labs/rbpf,2022-04-29 15:08:56+02:00,2021-03-12 17:43:28+01:00
GHSA-h6xw-mghq-7523,b4e6dc76f4845ab03104187a42ac6d1bbc1e0021,https://github.com/waycrate/swhkd,2022-03-25 20:28:47+05:18,
GHSA-862g-9h5m-m3qv,2a36405339c87b16ed6c76e91ad5b76638fbdb0c,https://github.com/coreos/coreos-installer,2021-07-07 15:56:12-04:00,2019-11-01 12:10:28-04:00
GHSA-p4jg-pccf-h82c,e661a4940df78fbb7b52c622ac4ae6a3a7f7d8aa,https://github.com/waycrate/swhkd,2022-03-25 20:43:28+05:18,2022-02-08 16:11:30+05:18
GHSA-6q5w-m3c5-rv95,c9ef5bd63cad5c0c123344c072b490a1a9bcbe1f,https://github.com/rusqlite/rusqlite,2020-04-15 10:33:04-07:00,2018-05-06 17:19:19+02:00
GHSA-3227-r97m-8j95,da7904c04f82e1cb43cc42eaf6a1dba072b5c921,https://github.com/Basicprogrammer10/afire,2022-04-10 00:08:18-04:00,2022-02-20 11:53:25-05:00
GHSA-8m49-2xj8-67v9,0b620a09605afb815c6d8d8953bbb7a10a8c0575,https://github.com/waycrate/swhkd,2022-03-25 20:38:01+05:18,2022-03-08 13:21:38+05:18
GHSA-cjg2-2fjg-fph4,8a93fdc6c9f4eb1d2f2a11b7ff1d12d70bf5a664,https://github.com/paritytech/frontier,2022-01-13 17:23:07+01:00,2021-07-30 12:15:11+02:00
GHSA-r3r5-jhw6-4634,f70b99dd575fab79d8a942111a6980431f006818,https://github.com/waycrate/swhkd,2022-03-25 20:35:56+05:18,2022-01-17 15:38:43+05:18
GHSA-5rrv-m36h-qwf8,9e9f1fb44114078c000c78c72e691eeb9e7ac260,https://github.com/sagebind/isahc,2018-02-01 23:41:34-06:00,2017-12-21 15:07:48-06:00
RUSTSEC-2020-0078,49b43f277afb1caf5104fcbe02bef581f7444686,https://github.com/deprecrated/net2-rs,2020-11-27 12:51:33-06:00,2015-06-18 17:54:11-07:00
GHSA-62jx-8vmh-4mcw,d90a02f582c03dfa0fd11c78d608d0974625ae5d,https://github.com/alexcrichton/tar-rs,2021-08-10 09:41:27-05:00,2016-11-23 18:54:02-08:00
RUSTSEC-2020-0042,369e55736f9bd29c37b1712afc2923f4028148c6,https://github.com/arcnmx/stack-rs,2020-09-24 10:00:00-07:00,2015-08-23 05:03:33-04:00
GHSA-8q2v-67v7-6vc6,b8f9011c04f104bb4a20f44e5bce31a1e9b46e64,https://github.com/SergioBenitez/Rocket,2020-05-27 01:09:12-07:00,2018-07-29 00:17:33-07:00
GHSA-3jc5-5hc5-33gj,268301a714934dd067ba33f59f22c5f003aa20f3,https://github.com/oliver-giersch/conquer-once,2021-01-04 14:51:14+01:00,2019-07-14 22:08:07+02:00
RUSTSEC-2021-0044,e325e2fce4d9f9f392761e9fb58b418a48cef8bb,https://github.com/SergioBenitez/Rocket,2021-02-09 16:58:34-08:00,2018-11-27 10:01:47-06:00
GHSA-4hjg-cx88-g9f9,8783a08e71694b7a5eb4fbc7cd95379b6de0d290,https://github.com/Matthias247/futures-intrusive,2020-11-01 00:13:30-07:00,
RUSTSEC-2021-0073,59f2a7311dd6540696bfd0145f5281ce495f4385,https://github.com/tokio-rs/prost,2021-07-06 09:15:44-04:00,2017-07-27 09:41:09-07:00
RUSTSEC-2021-0003,85593a484173c574027d7897b980f729bb1f454f,https://github.com/servo/rust-smallvec,2021-01-07 22:17:17-08:00,2020-07-07 14:32:16-07:00
GHSA-3qm2-rfqw-fmrw,18abedadaa77646cce6f2ca2149c0119a2e4f428,https://github.com/okready/scratchpad,2021-02-19 01:06:11-08:00,2018-05-23 21:56:39-07:00
GHSA-wp34-mqw5-jj85,6b83f9d0708337a9f8b709c1624a8587021ceba2,https://github.com/bennetthardwick/nano-arena,2021-03-02 22:35:34+10:00,2020-05-06 23:04:59+10:00
RUSTSEC-2020-0091,dfeb84bfce2be11327749c152b3c8f4ea4304e12,https://github.com/vorner/arc-swap,2020-12-11 09:28:57+01:00,2019-08-09 22:01:18+02:00
GHSA-r57r-j98g-587f,340f893dbc9db3e43c6315b05eff4b0b150220d2,https://github.com/Absolucy/nanorand-rs,2021-07-23 20:15:21-04:00,2020-10-21 21:03:52-04:00
RUSTSEC-2021-0019,1660818b60832fdf58b982a37d81f5ef10abe0be,https://github.com/rust-x-bindings/rust-xcb,2021-11-11 22:35:33+01:00,2021-11-11 18:03:42+01:00
RUSTSEC-2021-0014,6299af0ab17f070a78b75367e14b9101c29ce475,https://github.com/blackbeam/rust-marc,2021-01-27 09:12:28+03:00,2016-08-19 13:45:12+03:00
RUSTSEC-2020-0008,0867ad5c15fa52b7af3fc840ee7a1e256c469942,https://github.com/hyperium/hyper,2019-09-04 15:22:30-07:00,2017-07-13 12:19:53-07:00
GHSA-39xg-8p43-h76x,6dd7ca0d50f2464df708975cdafcfaeeb6d41c66,https://github.com/diwic/reffers-rs,2020-12-01 19:27:00+01:00,2017-02-19 17:48:41+01:00
GHSA-v5r6-6r3c-wqxc,dbc7ab1c739667eb26aace1b9a6795192ed4a805,https://github.com/KizzyCode/asn1_der-rust,2019-06-13 17:10:11+02:00,2018-11-29 15:59:20+01:00
GHSA-r7rv-2rph-hvhj,3199bd8623d05341b4047f53e143ae67d7d9f064,https://github.com/buttplugio/buttplug,2020-12-19 12:30:57-08:00,2020-05-22 14:34:53-07:00
RUSTSEC-2021-0036,2928a87a0c9f86c46ba70f8c8058d9b7b10a241d,https://github.com/droundy/internment,2021-03-04 05:14:02-08:00,2018-02-11 14:10:14-08:00
GHSA-m7w4-8wp8-m2xq,8e970aaa60471a845a309c0fe82ebe59779341ca,https://github.com/maciejhirsz/beef,2021-01-26 21:39:51+01:00,2020-03-17 08:24:41+01:00
RUSTSEC-2021-0112,cdff034e6d93cdfdafd13d8c6956e22fa5a57b79,https://github.com/tectonic-typesetting/tectonic,2021-02-18 08:57:47-05:00,2018-01-14 10:16:40-05:00
RUSTSEC-2021-0016,599313b39c249ee89144c69eb09da0f56d579922,https://github.com/andrewhickman/ms3d,2021-01-29 20:21:31+00:00,2018-01-12 22:02:08+00:00
RUSTSEC-2020-0040,291fca7dbfb2e3fe235180b41ce9e845ef0b2895,https://github.com/petertodd/rust-obstack,2020-09-04 15:10:53-04:00,2017-08-29 21:16:56-04:00
GHSA-jf5h-cf95-w759,936ab41a87d2b4876e09efc43864faf591dc0c2c,https://github.com/gz/rust-cpuid,2021-07-03 23:28:46-07:00,2015-07-18 22:19:59-07:00
GHSA-g4xg-fxmg-vcg5,229d1a8d41b0023420e7815578fa0b39c0d5c2e4,https://github.com/BurntSushi/ripgrep,2021-05-29 09:36:48-04:00,2018-08-20 07:10:19-04:00
GHSA-h7qh-3h6f-w79p,26a296b871976d7d46325ce004207b8a6e27c94,https://github.com/multiformats/rust-multihash,2020-07-13 15:43:38+02:00,2020-02-25 05:59:13-06:00
GHSA-69fv-gw6g-8ccg,e7e291709240bd83ca35a12b85d87f074002be7,https://github.com/arrayfire/arrayfire-rust,2018-09-27 15:55:29+05:18,2015-07-09 23:43:31-04:00
GHSA-p56p-gq3f-whg8,1b643df85ca4a56f7d96105a9eb35e1b917ee48,https://github.com/sunrise-choir/flumedb-rs,2022-01-14 10:12:06+13:00,2019-02-14 00:07:33-06:00
GHSA-4vhw-4rw7-jfpv,dd0639bf2876773b66382f47285f7db701f628d,https://github.com/NilsIrl/MozWire,2020-08-18 20:05:11+01:00,2020-08-16 03:29:30+01:00
GHSA-rwf4-gx62-rqfw,f9e8a1c13cca73e356b48f8a16a6bd308f20988,https://github.com/crossbeam-rs/crossbeam,2016-12-29 11:58:07-08:00,2015-12-16 10:34:38-08:00
RUSTSEC-2020-0074,f86e6d392326f0e4dc25eeec8b26af36f2b0fbc,https://github.com/PyO3/pyo3,2020-11-28 10:34:34+00:00,2020-08-09 12:28:21+01:00
GHSA-39wr-f4ff-xm6p,45f172cf8407e05cb9ed431f68663ad4f46b232,https://github.com/RustCrypto/hashes,2019-11-05 20:54:53-05:00,2017-06-12 09:56:31+03:00
GHSA-vc2p-r46x-m3vx,bbe7cc5381c5380b54fb8bbb4f77a3725917ff0,https://github.com/lettre/lettre,2020-11-11 16:43:09+01:00,
GHSA-vc2p-r46x-m3vx,414bc9e7abac7500312e0324378ec320c079a98,https://github.com/lettre/lettre,2020-11-11 16:49:51+01:00,2020-05-10 16:12:51+02:00
RUSTSEC-2021-0005,76bc9b5fbae73262307c41e72dbcfa0796073f3,https://github.com/rustgd/glsl-layout,2021-01-10 21:52:16-05:00,2018-05-07 23:49:54+03:00
RUSTSEC-2020-0019,ee5d1cf3b2df709ae1521d11521f38e335c45be,https://github.com/tokio-rs/tls,2020-05-19 11:45:04+08:00,2019-05-04 22:44:40+08:00
GHSA-gq4h-f254-7cw9,a986a9335d591fa5c826157d1674d47aa525357,https://github.com/kvark/ticketed_lock,2021-01-23 23:07:17-05:00,2017-02-28 16:20:03-08:00
GHSA-3pp4-64mp-9cg9,1a2efcdbe68e5e7fd0a05836ac32d2cde78a0b2,https://github.com/tremor-rs/tremor-runtime,2021-09-15 13:40:23+02:00,2020-02-11 11:11:08+01:00
GHSA-3pp4-64mp-9cg9,3bbb69d25b9ca995a4c25838781f89c62f2ca92,https://github.com/tremor-rs/tremor-runtime,2021-09-15 13:42:18+02:00,2020-09-14 10:35:34+02:00
RUSTSEC-2021-0100,96ccccd55ddbff7f03a9d484f52d1080f40eae8,https://github.com/RustCrypto/hashes,2021-09-09 13:11:21+03:00,2021-09-08 17:10:18+00:00
GHSA-r93v-9p5q-vhpf,543687d6c85f39338a283d72614ea96a7fc8188,https://github.com/rust-lang/futures-rs,2020-09-02 12:13:15+02:00,2019-07-15 16:26:26-07:00
RUSTSEC-2018-0002,d3d14ad5c32922444f857382976c22f056e3cef,https://github.com/alexcrichton/tar-rs,2018-06-29 10:52:43-07:00,2015-12-21 15:20:25-08:00
GHSA-vhfr-v4w9-45v8,cdc4276a7e3ec67185c2b66fcb7585ec8716de1,https://github.com/ebkalderon/renderdoc-rs,2019-05-19 01:15:41+08:00,2017-10-05 19:59:27-04:00
GHSA-wq8f-46ww-6c2h,85e98d1c9d5ba8af623120e8fee6c97a2c2aee0,https://github.com/briansmith/untrusted,2018-06-21 15:05:12+03:00,2016-06-05 11:56:17-10:00
GHSA-qj3v-q2vj-4c8h,fb1021a1c3c8a34d0eef7335811c52535e5c179,https://github.com/arkworks-rs/r1cs-std,2021-07-03 15:52:47-07:00,2021-01-15 10:55:26-08:00
GHSA-39vw-qp34-rmwf,b93aff6e904cffbbfd1f421b82f6dcc5ca19a4f,https://github.com/dtolnay/serde-yaml,2018-09-15 18:35:12+02:00,2018-06-22 12:46:09-07:00
RUSTSEC-2021-0069,93458d01fed0ec81c0e7b4e98e6f35961356fae,https://github.com/lettre/lettre,2021-05-22 19:34:01+02:00,2017-08-20 00:42:45+02:00
GHSA-8gj8-hv75-gp94,38d308785f84f7037e63c04c0de1cb20d1c8284,https://github.com/crossbeam-rs/crossbeam,2020-02-10 16:25:00+01:00,2018-11-05 01:12:49+01:00
GHSA-8gj8-hv75-gp94,7b35a3d17f5c5ec53f70576d4ca0e18be8ed289,https://github.com/crossbeam-rs/crossbeam,2020-02-10 16:25:00+01:00,2019-01-17 22:21:01+01:00
GHSA-8gj8-hv75-gp94,68e8708c2dda24e4b3b1807f5f301ca2b8ffa35,https://github.com/crossbeam-rs/crossbeam,2020-02-10 16:25:00+01:00,2019-01-09 13:57:56+01:00
GHSA-8gj8-hv75-gp94,e0fd465b9b7de8b60b0b588e264aca1fa92fbd1,https://github.com/crossbeam-rs/crossbeam,2020-02-10 16:25:00+01:00,2018-11-05 01:12:49+01:00
GHSA-8gj8-hv75-gp94,f48c1c763a73467e2fde6158c0abc2faa162ae8,https://github.com/crossbeam-rs/crossbeam,2020-02-10 16:32:28+01:00,2018-11-05 01:12:49+01:00
GHSA-8gj8-hv75-gp94,6f3a3c17ea89fe16f55246cdfb64d684a52a529,https://github.com/crossbeam-rs/crossbeam,2020-02-10 16:32:28+01:00,2019-01-18 01:38:06+01:00
GHSA-8gj8-hv75-gp94,71d2799afe690ef9d07bb77614c6bb164cb8e67,https://github.com/crossbeam-rs/crossbeam,2020-02-10 16:32:28+01:00,2018-11-05 01:12:49+01:00
GHSA-8gj8-hv75-gp94,b5525b73a5955c5f39157f088b78b93e8943649,https://github.com/crossbeam-rs/crossbeam,2020-02-10 16:32:29+01:00,2020-02-10 16:25:00+01:00
GHSA-8gj8-hv75-gp94,d78de60ea78c3aa0eeca66f42dda0154a7cc89fc,https://github.com/crossbeam-rs/crossbeam,2020-02-10 16:32:28+01:00,2019-01-18 01:38:06+01:00
GHSA-8gj8-hv75-gp94,dce3e118f2778423113e6d6019dd05d88cf7e0e6,https://github.com/crossbeam-rs/crossbeam,2020-02-10 16:32:28+01:00,2018-11-05 01:12:49+01:00
GHSA-m2pf-hprp-3vqm,65d17446c4242da0f9e1ae84b9dbce5108a822f,https://github.com/image-rs/image,2019-07-08 03:40:01+02:00,2016-06-17 13:51:28+05:00
GHSA-p2g9-94wh-65c2,6c7bf22907a75d1bbaed52e4f7dd9716f5e6f73,https://github.com/rust-ammonia/ammonia,2022-01-19 14:19:14-07:00,2019-07-25 00:31:32+00:00
GHSA-ppj3-7jw3-8vc4,4c00d6212aa5fa56d16cc8a1774ad908d10522b,https://github.com/Amanieu/parking_lot,2020-11-17 22:59:06+00:00,2018-06-07 22:13:52+01:00
RUSTSEC-2018-0013,a134e06d740f9d7c287f74c0af2cd0620677436,https://github.com/nabijaczleweli/safe-transmute-rs,2018-11-24 16:49:12+00:00,2017-10-04 11:59:22+01:00
GHSA-qrqq-9c63-xfrg,4218155363f893032362d083a0e7fe5c5b0865c,https://github.com/tower-rs/tower-http,2022-01-14 21:13:17+08:00,2021-11-24 14:08:12+01:00
GHSA-qrqq-9c63-xfrg,4ee8515f969d55768d875ea0b32491037a52fa1,https://github.com/tower-rs/tower-http,2022-01-15 11:01:28+01:00,2021-08-26 21:49:55+02:00
GHSA-f67m-9j94-qv9j,877dc0a52adedd1daaabcfcb56d90d1da1da862,https://github.com/hyperium/hyper,2021-05-04 20:59:00+02:00,2017-03-01 14:15:47-08:00
GHSA-f67m-9j94-qv9j,7500d7ddfd1c39a5fbfefd54b9014842d9862af,https://github.com/hyperium/hyper,2021-05-11 12:53:59+02:00,2016-05-16 09:51:18-07:00
GHSA-f67m-9j94-qv9j,e57b06f701462547dc5eceb032b0651501ee974,https://github.com/hyperium/hyper,2021-05-11 13:33:54+02:00,2016-05-16 09:51:18-07:00
GHSA-f67m-9j94-qv9j,5cf0b14921d2d21b0317307441cd6e7c36fa0da,https://github.com/hyperium/hyper,2021-05-12 13:28:07+02:00,2021-05-11 12:53:59+02:00
GHSA-f67m-9j94-qv9j,684f2fa76d44fa2b1b063ad0443a1b0d16dfad0e,https://github.com/hyperium/hyper,2021-08-05 17:00:57-07:00,2018-04-24 16:41:02-07:00
GHSA-r43h-gmrm-h5c9,df65b33f8a9dbd06b95b0a6af7521f0d4723354,https://github.com/contain-rs/linked-hash-map,2019-12-16 21:56:44-08:00,2016-06-23 09:12:46-07:00
GHSA-66p5-j55p-32r9,a83ccecf515b5273e4dd0306c1b9f6dcb7daf96,https://github.com/servo/rust-smallvec,2019-10-18 11:22:23-07:00,2015-06-10 16:41:26+02:00
RUSTSEC-2021-0023,390a7b1049fa5ba1d627feaef2a1629e0e7826b,https://github.com/rust-random/rand,2021-02-10 18:55:08-08:00,2020-08-28 15:31:56+02:00
GHSA-r67p-m7g9-gxw6,a6d7cdd2221ae5087fa354a100733b2cc4fd008,https://github.com/jblondin/csv-sniffer,2022-03-19 07:27:07-04:00,2018-03-24 00:32:23-04:00
RUSTSEC-2021-0074,4b8426b89b861d9bea20e126576b0febb9d1351,https://github.com/rust-ammonia/ammonia,2021-07-08 09:58:23-07:00,2021-03-04 13:13:23-07:00
GHSA-xwxc-j97j-84gf,582b6221887e92aeab1ac9008c75133974ed939,https://github.com/hyyking/rustracts,2020-11-14 18:49:50-05:00,2019-11-05 18:08:22+01:00
RUSTSEC-2020-0052,be327d581e8434a2ba41b74affc915f42d8abfc,https://github.com/crossbeam-rs/crossbeam,2020-06-25 22:26:24-06:00,2018-11-05 01:12:49+01:00
RUSTSEC-2020-0004,e1068fdd32f1b12edad05b579f6cd2bd638316e,https://github.com/bytecodealliance/lucet,2020-01-24 11:28:32-08:00,2019-01-22 15:48:00-08:00
GHSA-jrcf-4jp8-m28v,813a329f11b4901f962d89fe340004bb32129ac,https://github.com/yoshuawuyts/miow,2020-11-15 20:03:09+01:00,2015-11-10 09:13:43-08:00
GHSA-jrcf-4jp8-m28v,2783715269d56a0020160179c0f2ba883d12d87,https://github.com/yoshuawuyts/miow,2020-11-14 10:31:09+01:00,2015-08-19 14:37:34-07:00
GHSA-jrcf-4jp8-m28v,27b77cc870b922d305015841978b581ceb18e3b,https://github.com/yoshuawuyts/miow,2020-11-14 10:46:56+01:00,2020-11-14 10:31:09+01:00
RUSTSEC-2020-0012,043d5f0e4200b9bafc083997cc7bbf2c1bef91d,https://github.com/dylni/os_str_bytes,2020-04-14 20:25:37+02:00,2019-12-06 13:16:06-05:00
RUSTSEC-2020-0012,fd4bd03686c476efcc9d758e234f0bdf1732e7d,https://github.com/dylni/os_str_bytes,2020-04-14 20:40:14+02:00,2020-04-14 20:25:37+02:00
GHSA-838h-jqp6-cf2f,4dd2832d0e4bd0253ea77dd15bcd95ea171bfee,https://github.com/denoland/deno,2022-03-25 11:51:32+01:00,2022-01-12 12:38:26+01:00
GHSA-g4vj-x7v9-h82m,9340c55139dc0baaa19df3c3a75c4e46836eda33,https://github.com/paritytech/libsecp256k1,2021-04-09 19:24:03+02:00,2018-11-20 21:34:10+08:00
GHSA-whc7-5p35-4ww2,5d3207830790420468b1e4f88d6a607df9e3379,https://github.com/actix/actix-net,2020-07-19 16:25:10+02:00,2018-12-06 14:04:42-08:00
RUSTSEC-2022-0041,f7c378b26e273d237575154800f6c2bd3bf2005,https://github.com/crossbeam-rs/crossbeam,2022-02-05 13:56:20+09:00,2018-07-29 17:54:09+02:00
GHSA-566x-hhrf-qf8m,7b5c8fe6b684239213e7e3e9d74c3dfc12599f1,https://github.com/reem/rust-ordered-float,2020-12-06 07:42:00-08:00,2016-08-04 23:55:26+02:00
GHSA-xjxc-vfw2-cg96,15cb335e66d518a25950ff40906676f982b64a2,https://github.com/sfackler/rust-openssl,2018-06-01 19:38:52-07:00,2018-04-22 10:45:09+05:18
GHSA-r6ff-2q3c-v3pv,dde31d26fd7b8ea23fbcb2928583a7882748e65,https://github.com/libpnet/libpnet,2020-11-27 17:41:09+00:00,2015-12-10 20:42:29+00:00
GHSA-q9h2-4xhf-23xx,7d13cc67dbe94ab0340e2a492c489dc16815300,https://github.com/bodil/im-rs,2020-11-09 02:19:35-05:00,2018-08-17 13:40:59+01:00
GHSA-7v2r-wxmg-mgvc,623b87397a569729c4bcabae747823c5668cce9,https://github.com/tiny-http/tiny-http,2021-01-02 15:18:30-05:00,2020-08-26 11:26:07+02:00
RUSTSEC-2021-0037,d4133288261612d43853245aa886e1a3a0d2dbf,https://github.com/diesel-rs/diesel,2021-03-05 11:06:11+01:00,2017-10-16 12:51:14-06:00
GHSA-pvh2-pj76-4m96,a90cf79fcac7c8b56ee5301752938aa1d2e4260,https://github.com/rust-blockchain/evm,2021-10-18 07:41:32+00:00,2019-10-18 16:57:23+02:00
RUSTSEC-2018-0006,d61b49cb90391fc4f7f72a1abe597476c8651a0,https://github.com/chyh1990/yaml-rust,2018-09-15 12:34:21+02:00,2015-05-24 14:27:42+08:00
GHSA-6p3c-v8vc-c244,86354da6f5ea3af009c42331dc20c9a717fe980,https://github.com/nervosnetwork/molecule,2021-07-29 23:39:02+08:00,2019-10-11 13:58:09+08:00
GHSA-3r3g-g73x-g593,18e3cc6b1f611809eed260b05797e2b488157ac,https://github.com/coreos/coreos-installer,2021-10-11 10:10:38-04:00,2019-10-29 17:02:56-04:00
GHSA-3r3g-g73x-g593,99c67ffdf9111e5d3b0de9f4be2447c4b4ca84f,https://github.com/coreos/coreos-installer,2021-10-11 10:14:38-04:00,2020-04-29 20:42:32-04:00
GHSA-3r3g-g73x-g593,dbcbefe069fcd53ebc1981fc97fd5b3f94f396d,https://github.com/coreos/coreos-installer,2021-10-11 10:14:38-04:00,2021-10-03 01:47:03-04:00
GHSA-686h-j8r8-wmfm,1faf18eee11f14969b77ae0f76dcd9ebd437d0c,https://github.com/Xudong-Huang/rcu_cell,2021-01-19 22:33:02-05:00,2018-09-26 16:16:48+08:00
GHSA-v935-pqmr-g8v9,0940e509dca55d19197adbe7cb5c1d5423a390c,https://github.com/rust-num/num-bigint,2021-10-27 16:43:36-07:00,2021-03-13 17:06:12-08:00
GHSA-v935-pqmr-g8v9,8008707fea97b9215f3b949a0eb6044aec709a3,https://github.com/rust-num/num-bigint,2021-10-27 16:43:55-07:00,2021-03-13 17:05:23-08:00
GHSA-xwqr-xmgg-j69q,c13df26bf356b8c33c390b310f22227a7fd654d,https://github.com/solana-labs/rbpf,2021-12-06 14:22:14+01:00,2019-08-12 12:52:50-07:00
RUSTSEC-2019-0026,fae052b834b097ced9a89a8fff8466e18f38307,https://github.com/sodiumoxide/sodiumoxide,2019-10-11 05:14:46+03:00,2018-05-31 19:17:08+02:00
GHSA-ppqp-78xx-3r38,e88c6ff22e0d1a7b0733d9b90fadc4722763d7d,https://github.com/tafia/calamine,2021-02-01 09:10:41+01:00,2017-02-04 17:20:55-05:00
GHSA-32v7-ghpr-c8hg,e093c2b7b6ecbf34f8afbd87ee111df256957e4,https://github.com/jeaye/ncurses-rs,2019-01-04 20:02:28+01:00,2013-10-02 17:18:44-07:00
GHSA-32v7-ghpr-c8hg,a9165de8065bab6ee6969a1b31ddac549f634c1,https://github.com/jeaye/ncurses-rs,2019-01-04 20:10:36+01:00,2019-01-04 20:02:28+01:00
GHSA-32v7-ghpr-c8hg,7fcee591341b3d37c25676cbac868bd27b4b208,https://github.com/jeaye/ncurses-rs,2019-01-04 20:11:20+01:00,2019-01-04 20:02:28+01:00
RUSTSEC-2019-0013,0df01c9d0c5d42166dc49e903002f53978ef10e,https://github.com/mvdnes/spin-rs,2019-06-28 04:17:00+01:00,2015-01-20 18:50:38-05:00
RUSTSEC-2019-0013,6d1c1e335998339263f651f33d34220c4bebc5c,https://github.com/mvdnes/spin-rs,2019-06-28 20:27:14+01:00,2015-01-20 18:50:38-05:00
RUSTSEC-2019-0013,2aab6e058ae16f9caa3aff2a6bf2602926eb60a,https://github.com/mvdnes/spin-rs,2019-06-28 21:10:58+01:00,
RUSTSEC-2019-0013,ba0220287e8801d6ecff0de2199b39d2e699698,https://github.com/mvdnes/spin-rs,2019-06-30 05:28:47+01:00,2015-01-21 17:13:48-05:00
RUSTSEC-2019-0013,4bda3d9e3837e90008de3a26fb0d8182fc5227e,https://github.com/mvdnes/spin-rs,2019-06-30 05:30:34+01:00,2019-06-30 05:28:47+01:00
RUSTSEC-2020-0081,75cdea2c14c81678dbecdfba67c8b75c583b1cd4,https://github.com/tokio-rs/mio,2020-11-06 21:42:26+01:00,2020-01-03 21:16:18+00:00
RUSTSEC-2020-0081,a790f9935ab0f74f28d24507c19b7ac0ad0e3b14,https://github.com/tokio-rs/mio,2020-11-06 10:05:22+01:00,2019-08-13 10:02:58-07:00
RUSTSEC-2021-0009,f1320f02cb404ec6e8ad5ef638260dcacc9c8b9,https://github.com/liebharc/basic_dsp,2021-01-10 20:48:21-05:00,2020-05-04 21:11:40+02:00
GHSA-xvc9-xwgj-4cq9,b3a53796b7335d22b9c3d6810dda3fc9acf15df,https://github.com/hyperium/http,2019-11-25 15:54:04-08:00,
GHSA-c3cw-c387-pj65,a064d69ba4a62d455cab67693cd61e6509db5a1,https://github.com/crossbeam-rs/crossbeam,2018-07-25 17:18:35+02:00,2015-08-26 17:37:25-07:00
GHSA-rm4w-6696-r77p,4496dd9c1cf543536c024c6d47f0b62613c75f5,https://github.com/smol-rs/nb-connect,2021-01-11 13:45:31+01:00,2020-09-16 11:20:09+02:00
RUSTSEC-2019-0009,4ba0d0f689440963e38b8adbe7fc2cabc6e573d,https://github.com/servo/rust-smallvec,2019-06-07 18:30:10-07:00,
GHSA-rh89-x75f-rh3c,31a8de9c2f9b096352c4df3877aa8d3df5b73d0,https://github.com/Gilnaa/memoffset,2019-07-02 20:56:30+03:00,2017-10-16 22:51:37+03:00
RUSTSEC-2020-0062,2d7317336ebaba7a6ffd778dbc8c52b5bbbd151,https://github.com/rust-lang/futures-rs,2020-01-29 00:45:48-08:00,2017-05-16 08:34:13-07:00
GHSA-c3m3-c39q-pv23,70c87a49451c4dfcb170461ad9c55fe2f104b7b,https://github.com/gnzlbg/slice_deque,2018-12-05 12:18:04+01:00,2018-07-19 10:13:27+02:00
GHSA-wr55-mf5c-hhwm,11f396ca9accf6ae000db13a44505b57608733c,https://github.com/Richard-W/late-static,2020-11-12 18:35:28+01:00,2019-02-04 18:23:03+01:00
GHSA-rxr4-x558-x7hw,26b249075930b46cfafc70b1d18fd0cb35fd231,https://github.com/servo/rust-smallvec,2018-07-18 16:12:32-07:00,2016-09-21 00:33:27-07:00
GHSA-rxr4-x558-x7hw,1f4025218c4321ea42ad01d80dd6110def2d86d,https://github.com/servo/rust-smallvec,2018-07-18 16:12:32-07:00,2018-05-07 13:30:55+02:00
RUSTSEC-2022-0007,b1f4e6d166b6c5cc693bfbfe5856db4b098dbd8,https://github.com/uazu/qcell,2021-09-18 17:57:03+02:00,2019-07-24 12:41:20-05:00
RUSTSEC-2022-0007,b03b1588858f0a47ab5909bfa6b4e1b395292b16,https://github.com/uazu/qcell,2021-09-18 18:21:06+02:00,2019-03-18 17:22:26-05:00
RUSTSEC-2020-0059,392a889f02c17edf0df4a9c08c134896b045387,https://github.com/rust-lang/futures-rs,2020-10-24 00:58:11+09:00,2020-01-29 12:48:11-08:00
RUSTSEC-2021-0012,0e6006de464caa331643f86cd2d9ba3b32b0983,https://github.com/hrektts/cdr-rs,2021-01-23 12:29:07+09:00,2017-12-22 00:44:11+09:00
GHSA-j8qq-58cr-8cc7,aabf5562f8c6374ab30f615b28e0cff9b5c79e5,https://github.com/Enet4/bra-rs,2021-01-03 14:21:17+00:00,2019-03-01 15:08:56+00:00
RUSTSEC-2021-0004,f6d9bc6e8f6ad7f0d949a444a1c1d91d6d837e6,https://github.com/khuey/lazy-init,2021-01-08 04:01:59+01:00,2017-01-27 19:14:10-08:00
GHSA-69gw-hgj3-45m7,50a50ed90d6ad78d812a40680257d8338843869,https://github.com/servo/rust-smallvec,2019-06-06 13:29:53-07:00,
RUSTSEC-2021-0090,ea809ba4ae37c4b0de54158e05699f1907c9e83,https://github.com/ash-rs/ash,2021-08-23 12:16:31+02:00,2018-12-07 17:46:49-08:00
GHSA-gffv-5hr2-f9gj,ffa2e8d54e4701e4d1f11fcfa5e1497ed6d4c8d,https://github.com/orion-rs/orion,2018-12-20 18:01:39+01:00,2018-08-20 11:17:56+02:00
GHSA-9rg7-3j4f-cf4x,9803f31fbd1717d482d848f041044d061fca6da,https://github.com/Connicpu/com-impl,2021-01-22 19:42:30+01:00,
GHSA-mcrf-7hf9-f6q5,8559aee7c5485426e3d5f7cfb7368248b6ca437,https://github.com/3Hren/msgpack-rust,2019-10-08 18:33:23+02:00,2016-12-04 23:12:47+03:00
GHSA-9mxw-4856-9cm5,cb068895ca2aa236ad8bc858c80b2209cbc4f04,https://github.com/a1ien/rusb,2020-12-22 19:28:00+03:00,2019-08-11 20:21:14+03:00
RUSTSEC-2019-0028,c66cd3085742c50ae231c77f1bc5b577d0cceb9,https://github.com/google/flatbuffers,2019-10-06 22:08:13-05:00,2018-09-02 18:26:55-07:00
GHSA-p9m5-3hj7-cp5r,b3356ccba102cffa2c63cb61be5b704a29c474b,https://github.com/rust-lang/futures-rs,2020-03-05 14:41:09+01:00,2019-02-19 13:45:38-08:00
GHSA-hhw2-pqhf-vmx2,3f733cd056098d5e8de6ae8da40950500edc881,https://github.com/actix/actix-net,2020-07-20 19:02:54+09:00,2018-10-02 22:18:07-07:00
RUSTSEC-2020-0121,34c2b9e51cd7b85a3366104092ca4e5e9fab227,https://github.com/SonicFrog/abox,2021-01-22 21:40:32-05:00,2018-05-14 17:08:08+02:00
GHSA-xrg3-hmf3-rvgw,e1720ce38452c7f94d2ff32d2c120d7d427e2eb,https://github.com/pyrossh/rust-embed,2021-11-27 15:40:07-08:00,2021-07-04 09:35:36-04:00
RUSTSEC-2020-0048,dede6fef9a50650efdd1ee36b2466911cc1b195,https://github.com/actix/actix-web,2020-01-28 18:02:56-05:00,2018-11-13 22:59:00-08:00
RUSTSEC-2019-0023,04731e101fed08a32942d52790e1c8c6ede6188,https://github.com/Robbepop/string-interner,2019-08-25 21:55:14+09:00,2017-07-09 05:01:38+02:00
RUSTSEC-2021-0035,ae13bdac8b95966a4fdef3b17aa6d2096799f7c,https://github.com/quinn-rs/quinn,2021-01-26 18:03:29+01:00,2021-01-06 09:57:13+01:00
RUSTSEC-2021-0035,cd64316558c7faffc7e3669298e81dc9289ac22,https://github.com/quinn-rs/quinn,2021-01-28 07:18:21+01:00,2019-11-21 11:26:36+01:00
RUSTSEC-2019-0015,eb413b3d47baea8e8a0b9ce2ccd8299b354d3b7,https://github.com/llogiq/compact_arena,2019-05-27 09:41:08+02:00,2019-04-06 01:19:38+02:00
RUSTSEC-2020-0117,1e462c32e7933821ddb26dc49fd4ffa5aeca97b,https://github.com/longshorej/conqueue,2021-01-22 00:23:47-05:00,2019-07-30 18:35:56-05:00
RUSTSEC-2021-0130,416a2d480547f6b88ef6d23aa34b1fea292f65f,https://github.com/jeromefroe/lru-rs,2021-12-12 17:13:20-05:00,2021-07-26 23:33:35+08:00
GHSA-4cww-f7w5-x525,3850b645a89666f3efa84c47fad17976e4702c0,https://github.com/bluejekyll/trust-dns,2020-01-04 12:41:59-08:00,2019-04-13 16:49:12-07:00
GHSA-cgmg-2v6m-fjg7,565d508993936821950009ec4c7c1e33301db81,https://github.com/mersinvald/autorand-rs,2021-01-18 17:02:18+01:00,2019-04-01 02:13:04+02:00
GHSA-r88h-6987-g79f,15b282877d1e576de2b337d8162bbf43ed1a0f2,https://github.com/Chopinsky/byte_buffer,2020-12-03 20:36:53-05:00,2019-08-16 11:39:44-05:00
RUSTSEC-2020-0120,a34d6e10f6f5654ed01a35288cf683d014ebc9c,https://github.com/mvertescher/libsbc-rs,2021-01-22 21:06:34-05:00,2018-09-17 14:26:03-04:00
RUSTSEC-2021-0113,8e6daabbc6fb14972a9db5fc94f06801b2d41c2,https://github.com/metrics-rs/metrics,2021-04-07 21:48:06-04:00,2019-05-29 23:07:14-04:00
RUSTSEC-2020-0123,5ba266a853bc8232993c84fe736cb87241f9506,https://github.com/libp2p/rust-libp2p,2021-01-25 18:55:01+01:00,2019-09-16 11:08:44+02:00
GHSA-mpg5-fvwp-42m2,1f3709632dccdfd49cbcb152a2f81b95c0b1a3e,https://github.com/xacrimon/dashmap,2022-02-06 17:39:23+01:00,2020-11-12 15:05:00-08:00
GHSA-mpg5-fvwp-42m2,fbb6ffb1d70ae520889062728476d7d607c9309e,https://github.com/xacrimon/dashmap,2022-02-06 16:37:18+01:00,2019-12-06 22:55:51+01:00
RUSTSEC-2020-0115,b0d2bd20eb40b9cbc2958b981ba2dcd9e6f9396,https://github.com/RusPiRo/ruspiro-singleton,2020-11-16 21:32:29+01:00,2019-07-26 13:48:23+02:00
GHSA-wgrg-5h56-jg27,14ee7a6f775c5018e71521b52b3c24de8a82c90,https://github.com/vitalyd/nix,2021-09-27 09:55:59-04:00,2017-11-12 10:56:58+02:00
GHSA-fg7r-2g4j-5cgr,c8f82d45060c9e936ab49cd3838135208de0924,https://github.com/tokio-rs/tokio,2021-11-12 09:58:46-08:00,2019-01-22 11:37:26-08:00
RUSTSEC-2020-0006,d08bc37de3dd471ea564a954a2de1d0caf045f6,https://github.com/fitzgen/bumpalo,2020-03-24 14:04:59-07:00,2019-11-01 13:43:10-07:00
RUSTSEC-2020-0114,0562cbfe79f68e061628e5cf0d29d9f879b6913,https://github.com/video-audio/va-ts,2021-01-19 22:11:44-05:00,2019-09-08 19:43:31+03:00
GHSA-xp6v-qx65-4pp7,e7fb2f5b5f95437a37d99b8c430c8adc9045f35,https://github.com/Devolutions/gfwx-rs,2020-12-08 13:26:10-05:00,2018-12-07 01:15:40+02:00
GHSA-9j8q-m9x5-9g6j,ef4aa05cdd3b81ae9f8a42acd211e95530b1ab7,https://github.com/google/rust-async-coap,2021-01-22 22:42:29-05:00,2019-08-21 13:29:53-07:00
RUSTSEC-2021-0070,5bff5368bf38ddfa31416e4ae9897b163031a51,https://github.com/dimforge/nalgebra,2021-05-06 18:16:42+02:00,2017-02-15 22:04:34+01:00
GHSA-69vj-xx27-g45w,55dd22f447492e272b75230c3d8108faa10c6fc,https://github.com/petabi/eventio,2020-12-22 14:43:58-08:00,2019-11-06 16:45:15-08:00
RUSTSEC-2022-0012,5f8e17b1c144e49d244e4e15b985ffa498c4ede,https://github.com/jorgecarleitao/arrow2,2022-03-04 04:19:03+00:00,2022-02-22 19:43:59+01:00
